SNo,Symbol,Segment,Lot
1,A2ZINFRA,Cash,
2,AAATECH,Cash,
3,AAKASH,Cash,
4,AAREYDRUGS,Cash,
5,AARON,Cash,
6,AARTIDRUGS,Cash,
7,AARTIIND,Cash,
8,AARTIPHARM,Cash,
9,AARTIPP,Cash,
10,AARTISURF,Cash,
11,AARVEEDEN,Cash,
12,AARVI,Cash,
13,AAVAS,Cash,
14,ABAN,Cash,
15,ABB,Cash,
16,ABBOTINDIA,Cash,
17,ABCAPITAL,Cash,
18,ABFRL,Cash,
19,ABINFRA,Cash,
20,ABMINTLLTD,Cash,
21,ABSLAMC,Cash,
22,ABSLBANETF,Cash,
23,ABSLLIQUID,Cash,
24,ABSLNN50ET,Cash,
25,ACC,Cash,
26,ACCELYA,Cash,
27,ACCURACY,Cash,
28,ACE,Cash,
29,ACEINTEG,Cash,
30,ACI,Cash,
31,ACL,Cash,
32,ADANIENT,Cash,
33,ADANIGREEN,Cash,
34,ADANIPORTS,Cash,
35,ADANIPOWER,Cash,
36,ADANITRANS,Cash,
37,ADFFOODS,Cash,
38,ADL,Cash,
39,ADORWELD,Cash,
40,ADROITINFO,Cash,
41,ADSL,Cash,
42,ADVANIHOTR,Cash,
43,ADVENZYMES,Cash,
44,AEGISCHEM,Cash,
45,AETHER,Cash,
46,AFFLE,Cash,
47,AGARIND,Cash,
48,AGARWALFT,Cash,
49,AGI,Cash,
50,AGNI,Cash,
51,AGRITECH,Cash,
52,AGROPHOS,Cash,
53,AGSTRA,Cash,
54,AGUL,Cash,
55,AHL,Cash,
56,AHLADA,Cash,
57,AHLEAST,Cash,
58,AHLUCONT,Cash,
59,AIAENG,Cash,
60,AILIMITED,Cash,
61,AIRAN,Cash,
62,AIROLAM,Cash,
63,AIRTELPP,Cash,
64,AISL,Cash,
65,AJANTPHARM,Cash,
66,AJMERA,Cash,
67,AJOONI,Cash,
68,AKASH,Cash,
69,AKG,Cash,
70,AKI,Cash,
71,AKSHAR,Cash,
72,AKSHARCHEM,Cash,
73,AKSHOPTFBR,Cash,
74,AKZOINDIA,Cash,
75,ALANKIT,Cash,
76,ALBERTDAVD,Cash,
77,ALEMBICLTD,Cash,
78,ALICON,Cash,
79,ALKALI,Cash,
80,ALKEM,Cash,
81,ALKYLAMINE,Cash,
82,ALLCARGO,Cash,
83,ALLETEC,Cash,
84,ALLSEC,Cash,
85,ALMONDZ,Cash,
86,ALOKINDS,Cash,
87,ALPA,Cash,
88,ALPHAGEO,Cash,
89,ALPSINDUS,Cash,
90,AMARAJABAT,Cash,
91,AMBANIORG,Cash,
92,AMBER,Cash,
93,AMBICAAGAR,Cash,
94,AMBIKCO,Cash,
95,AMBUJACEM,Cash,
96,AMDIND,Cash,
97,AMIABLE,Cash,
98,AMIORG,Cash,
99,AMJLAND,Cash,
100,AMRUTANJAN,Cash,
101,ANANDRATHI,Cash,
102,ANANTRAJ,Cash,
103,ANDHRAPAP,Cash,
104,ANDHRSUGAR,Cash,
105,ANDREWYU,Cash,
106,ANGELONE,Cash,
107,ANIKINDS,Cash,
108,ANLON,Cash,
109,ANMOL,Cash,
110,ANNAPURNA,Cash,
111,ANSALAPI,Cash,
112,ANTGRAPHIC,Cash,
113,ANUP,Cash,
114,ANURAS,Cash,
115,APARINDS,Cash,
116,APCL,Cash,
117,APCOTEXIND,Cash,
118,APEX,Cash,
119,APLAPOLLO,Cash,
120,APLLTD,Cash,
121,APOLLO,Cash,
122,APOLLOHOSP,Cash,
123,APOLLOPIPE,Cash,
124,APOLLOTYRE,Cash,
125,APOLSINHOT,Cash,
126,APTECHT,Cash,
127,APTUS,Cash,
128,ARCHIDPLY,Cash,
129,ARCHIES,Cash,
130,ARENTERP,Cash,
131,ARHAM,Cash,
132,ARIES,Cash,
133,ARIHANTCAP,Cash,
134,ARIHANTSUP,Cash,
135,ARISTO,Cash,
136,ARMANFIN,Cash,
137,AROGRANITE,Cash,
138,ARROWGREEN,Cash,
139,ARSHIYA,Cash,
140,ARSSINFRA,Cash,
141,ARTEMISMED,Cash,
142,ARTNIRMAN,Cash,
143,ARVEE,Cash,
144,ARVIND,Cash,
145,ARVINDFASN,Cash,
146,ARVSMART,Cash,
147,ASAHIINDIA,Cash,
148,ASAHISONG,Cash,
149,ASAL,Cash,
150,ASALCBR,Cash,
151,ASHAPURMIN,Cash,
152,ASHIANA,Cash,
153,ASHIMASYN,Cash,
154,ASHOKA,Cash,
155,ASHOKLEY,Cash,
156,ASIANENE,Cash,
157,ASIANHOTNR,Cash,
158,ASIANPAINT,Cash,
159,ASIANTILES,Cash,
160,ASMS,Cash,
161,ASPINWALL,Cash,
162,ASTEC,Cash,
163,ASTERDM,Cash,
164,ASTRAL,Cash,
165,ASTRAMICRO,Cash,
166,ASTRAZEN,Cash,
167,ASTRON,Cash,
168,ATALREAL,Cash,
169,ATAM,Cash,
170,ATFL,Cash,
171,ATGL,Cash,
172,ATLANTA,Cash,
173,ATUL,Cash,
174,ATULAUTO,Cash,
175,AUBANK,Cash,
176,AURIONPRO,Cash,
177,AUROIMPEX,Cash,
178,AUROPHARMA,Cash,
179,AURUM,Cash,
180,AURUMPP,Cash,
181,AUSOMENT,Cash,
182,AUTOAXLES,Cash,
183,AUTOBEES,Cash,
184,AUTOIND,Cash,
185,AVADHSUGAR,Cash,
186,AVALON,Cash,
187,AVANTIFEED,Cash,
188,AVG,Cash,
189,AVONMORE,Cash,
190,AVROIND,Cash,
191,AVTNPL,Cash,
192,AWHCL,Cash,
193,AWL,Cash,
194,AXISBANK,Cash,
195,AXISBNKETF,Cash,
196,AXISBPSETF,Cash,
197,AXISCADES,Cash,
198,AXISCETF,Cash,
199,AXISGOLD,Cash,
200,AXISHCETF,Cash,
201,AXISILVER,Cash,
202,AXISNIFTY,Cash,
203,AXISTECETF,Cash,
204,AXITA,Cash,
205,AXSENSEX,Cash,
206,AYMSYNTEX,Cash,
207,BAGFILMS,Cash,
208,BAHETI,Cash,
209,BAIDFIN,Cash,
210,BAJAJ-AUTO,Cash,
211,BAJAJCON,Cash,
212,BAJAJELEC,Cash,
213,BAJAJFINSV,Cash,
214,BAJAJHCARE,Cash,
215,BAJAJHIND,Cash,
216,BAJAJHLDNG,Cash,
217,BAJFINANCE,Cash,
218,BALAJITELE,Cash,
219,BALAMINES,Cash,
220,BALAXI,Cash,
221,BALKRISHNA,Cash,
222,BALKRISIND,Cash,
223,BALLARPUR,Cash,
224,BALMLAWRIE,Cash,
225,BALPHARMA,Cash,
226,BALRAMCHIN,Cash,
227,BANARBEADS,Cash,
228,BANARISUG,Cash,
229,BANCOINDIA,Cash,
230,BANDHANBNK,Cash,
231,BANG,Cash,
232,BANKA,Cash,
233,BANKBARODA,Cash,
234,BANKBEES,Cash,
235,BANKINDIA,Cash,
236,BANSWRAS,Cash,
237,BARBEQUE,Cash,
238,BASF,Cash,
239,BASML,Cash,
240,BATAINDIA,Cash,
241,BAYERCROP,Cash,
242,BBETF0432,Cash,
243,BBL,Cash,
244,BBOX,Cash,
245,BBTC,Cash,
246,BBTCL,Cash,
247,BCG,Cash,
248,BCLIND,Cash,
249,BCONCEPTS,Cash,
250,BDL,Cash,
251,BEARDSELL,Cash,
252,BECTORFOOD,Cash,
253,BEDMUTHA,Cash,
254,BEL,Cash,
255,BEML,Cash,
256,BEPL,Cash,
257,BERGEPAINT,Cash,
258,BESTAGRO,Cash,
259,BETA,Cash,
260,BEWLTD,Cash,
261,BFINVEST,Cash,
262,BFUTILITIE,Cash,
263,BGRENERGY,Cash,
264,BHAGCHEM,Cash,
265,BHAGERIA,Cash,
266,BHAGYANGR,Cash,
267,BHANDARI,Cash,
268,BHARATFORG,Cash,
269,BHARATGEAR,Cash,
270,BHARATRAS,Cash,
271,BHARATWIRE,Cash,
272,BHARTIARTL,Cash,
273,BHEL,Cash,
274,BIGBLOC,Cash,
275,BIKAJI,Cash,
276,BIL,Cash,
277,BINANIIND,Cash,
278,BIOCON,Cash,
279,BIOFILCHEM,Cash,
280,BIRET,Cash,
281,BIRLACABLE,Cash,
282,BIRLACORPN,Cash,
283,BIRLAMONEY,Cash,
284,BIRLATYRE,Cash,
285,BKMINDST,Cash,
286,BLAL,Cash,
287,BLBLIMITED,Cash,
288,BLISSGVS,Cash,
289,BLKASHYAP,Cash,
290,BLS,Cash,
291,BLUEDART,Cash,
292,BLUESTARCO,Cash,
293,BMETRICS,Cash,
294,BODALCHEM,Cash,
295,BOHRAIND,Cash,
296,BOMDYEING,Cash,
297,BOROLTD,Cash,
298,BORORENEW,Cash,
299,BOSCHLTD,Cash,
300,BPCL,Cash,
301,BPL,Cash,
302,BRIGADE,Cash,
303,BRIGHT,Cash,
304,BRITANNIA,Cash,
305,BRNL,Cash,
306,BROOKS,Cash,
307,BSE,Cash,
308,BSHSL,Cash,
309,BSL,Cash,
310,BSLGOLDETF,Cash,
311,BSLNIFTY,Cash,
312,BSLSENETFG,Cash,
313,BSOFT,Cash,
314,BTML,Cash,
315,BURNPUR,Cash,
316,BUTTERFLY,Cash,
317,BVCL,Cash,
318,BYKE,Cash,
319,CADSYS,Cash,
320,CALSOFT,Cash,
321,CAMLINFINE,Cash,
322,CAMPUS,Cash,
323,CAMS,Cash,
324,CANBK,Cash,
325,CANFINHOME,Cash,
326,CANTABIL,Cash,
327,CAPACITE,Cash,
328,CAPLIPOINT,Cash,
329,CAPTRUST,Cash,
330,CARBORUNIV,Cash,
331,CAREERP,Cash,
332,CARERATING,Cash,
333,CARTRADE,Cash,
334,CARYSIL,Cash,
335,CASTROLIND,Cash,
336,CCHHL,Cash,
337,CCL,Cash,
338,CDSL,Cash,
339,CEATLTD,Cash,
340,CELEBRITY,Cash,
341,CENTENKA,Cash,
342,CENTEXT,Cash,
343,CENTRALBK,Cash,
344,CENTRUM,Cash,
345,CENTUM,Cash,
346,CENTURYPLY,Cash,
347,CENTURYTEX,Cash,
348,CERA,Cash,
349,CEREBRAINT,Cash,
350,CESC,Cash,
351,CGCL,Cash,
352,CGPOWER,Cash,
353,CHALET,Cash,
354,CHAMBLFERT,Cash,
355,CHEMBOND,Cash,
356,CHEMCON,Cash,
357,CHEMFAB,Cash,
358,CHEMPLASTS,Cash,
359,CHENNPETRO,Cash,
360,CHEVIOT,Cash,
361,CHOICEIN,Cash,
362,CHOLAFIN,Cash,
363,CHOLAHLDNG,Cash,
364,CIGNITITEC,Cash,
365,CINELINE,Cash,
366,CINEVISTA,Cash,
367,CIPLA,Cash,
368,CLEAN,Cash,
369,CLEDUCATE,Cash,
370,CLOUD,Cash,
371,CLSEL,Cash,
372,CMNL,Cash,
373,CMRSL,Cash,
374,CMSINFO,Cash,
375,COALINDIA,Cash,
376,COASTCORP,Cash,
377,COCHINSHIP,Cash,
378,COFFEEDAY,Cash,
379,COFORGE,Cash,
380,COLPAL,Cash,
381,COMPINFO,Cash,
382,COMPUSOFT,Cash,
383,CONCOR,Cash,
384,CONFIPET,Cash,
385,CONSOFINVT,Cash,
386,CONSUMBEES,Cash,
387,CONTI,Cash,
388,CONTROLPR,Cash,
389,CORALFINAC,Cash,
390,CORDSCABLE,Cash,
391,COROMANDEL,Cash,
392,COSMOFIRST,Cash,
393,COUNCODOS,Cash,
394,CPSEETF,Cash,
395,CRAFTSMAN,Cash,
396,CRAYONS,Cash,
397,CREATIVE,Cash,
398,CREATIVEYE,Cash,
399,CREDITACC,Cash,
400,CREST,Cash,
401,CRISIL,Cash,
402,CROMPTON,Cash,
403,CROWN,Cash,
404,CSBBANK,Cash,
405,CSLFINANCE,Cash,
406,CTE,Cash,
407,CUB,Cash,
408,CUBEXTUB,Cash,
409,CUMMINSIND,Cash,
410,CUPID,Cash,
411,CYBERMEDIA,Cash,
412,CYBERTECH,Cash,
413,CYIENT,Cash,
414,DAAWAT,Cash,
415,DABUR,Cash,
416,DALBHARAT,Cash,
417,DALMIASUG,Cash,
418,DAMODARIND,Cash,
419,DANGEE,Cash,
420,DATAMATICS,Cash,
421,DATAPATTNS,Cash,
422,DBCORP,Cash,
423,DBL,Cash,
424,DBOL,Cash,
425,DBREALTY,Cash,
426,DBSTOCKBRO,Cash,
427,DCAL,Cash,
428,DCBBANK,Cash,
429,DCI,Cash,
430,DCM,Cash,
431,DCMFINSERV,Cash,
432,DCMNVL,Cash,
433,DCMSHRIRAM,Cash,
434,DCMSRIND,Cash,
435,DCW,Cash,
436,DCXINDIA,Cash,
437,DECCANCE,Cash,
438,DEEPAKFERT,Cash,
439,DEEPAKNTR,Cash,
440,DEEPENR,Cash,
441,DEEPINDS,Cash,
442,DELHIVERY,Cash,
443,DELPHIFX,Cash,
444,DELTACORP,Cash,
445,DELTAMAGNT,Cash,
446,DEN,Cash,
447,DENEERS,Cash,
448,DENORA,Cash,
449,DENTALKART,Cash,
450,DESTINY,Cash,
451,DEVIT,Cash,
452,DEVYANI,Cash,
453,DGCONTENT,Cash,
454,DHAMPURSUG,Cash,
455,DHANBANK,Cash,
456,DHANI,Cash,
457,DHANILOANS,Cash,
458,DHANUKA,Cash,
459,DHARMAJ,Cash,
460,DHARSUGAR,Cash,
461,DHRUV,Cash,
462,DHUNINV,Cash,
463,DIAMONDYD,Cash,
464,DICIND,Cash,
465,DIGISPICE,Cash,
466,DIGJAMLMTD,Cash,
467,DIL,Cash,
468,DISHTV,Cash,
469,DIVGIITTS,Cash,
470,DIVISLAB,Cash,
471,DIVOPPBEES,Cash,
472,DIXON,Cash,
473,DJML,Cash,
474,DLF,Cash,
475,DLINKINDIA,Cash,
476,DMART,Cash,
477,DMCC,Cash,
478,DNAMEDIA,Cash,
479,DODLA,Cash,
480,DOLATALGO,Cash,
481,DOLLAR,Cash,
482,DOLLEX,Cash,
483,DONEAR,Cash,
484,DPABHUSHAN,Cash,
485,DPSCLTD,Cash,
486,DPWIRES,Cash,
487,DRCSYSTEMS,Cash,
488,DREAMFOLKS,Cash,
489,DREDGECORP,Cash,
490,DRREDDY,Cash,
491,DSPBANKETF,Cash,
492,DSPGOLDETF,Cash,
493,DSPN50ETF,Cash,
494,DSPNEWETF,Cash,
495,DSPQ50ETF,Cash,
496,DSPSILVETF,Cash,
497,DSSL,Cash,
498,DTIL,Cash,
499,DUCOL,Cash,
500,DUCON,Cash,
501,DUGLOBAL,Cash,
502,DVL,Cash,
503,DWARKESH,Cash,
504,DYCL,Cash,
505,DYNAMATECH,Cash,
506,DYNAMIC,Cash,
507,DYNPRO,Cash,
508,E2E,Cash,
509,EASEMYTRIP,Cash,
510,EBANK,Cash,
511,EBBETF0425,Cash,
512,EBBETF0430,Cash,
513,EBBETF0431,Cash,
514,EBBETF0433,Cash,
515,ECLERX,Cash,
516,ECLFINANCE,Cash,
517,EDELWEISS,Cash,
518,EDUCOMP,Cash,
519,EHFLNCD,Cash,
520,EICHERMOT,Cash,
521,EIDPARRY,Cash,
522,EIFFL,Cash,
523,EIHAHOTELS,Cash,
524,EIHOTEL,Cash,
525,EIMCOELECO,Cash,
526,EKC,Cash,
527,ELDEHSG,Cash,
528,ELECON,Cash,
529,ELECTCAST,Cash,
530,ELECTHERM,Cash,
531,ELGIEQUIP,Cash,
532,ELGIRUBCO,Cash,
533,ELIN,Cash,
534,EMAMILTD,Cash,
535,EMAMIPAP,Cash,
536,EMAMIREAL,Cash,
537,EMBASSY,Cash,
538,EMIL,Cash,
539,EMKAY,Cash,
540,EMMBI,Cash,
541,EMUDHRA,Cash,
542,ENDURANCE,Cash,
543,ENERGYDEV,Cash,
544,ENGINERSIN,Cash,
545,ENIL,Cash,
546,EPL,Cash,
547,EQUIPPP,Cash,
548,EQUITASBNK,Cash,
549,ERFLNCDI,Cash,
550,ERIS,Cash,
551,EROSMEDIA,Cash,
552,ESABINDIA,Cash,
553,ESCORTS,Cash,
554,ESSARSHPNG,Cash,
555,ESSENTIA,Cash,
556,ESTER,Cash,
557,ETHOSLTD,Cash,
558,EUROBOND,Cash,
559,EUROTEXIND,Cash,
560,EVEREADY,Cash,
561,EVERESTIND,Cash,
562,EXCEL,Cash,
563,EXCELINDUS,Cash,
564,EXIDEIND,Cash,
565,EXPLEOSOL,Cash,
566,EXXARO,Cash,
567,FACT,Cash,
568,FAIRCHEMOR,Cash,
569,FAZE3Q,Cash,
570,FCL,Cash,
571,FCONSUMER,Cash,
572,FCSSOFT,Cash,
573,FDC,Cash,
574,FEDERALBNK,Cash,
575,FEL,Cash,
576,FELDVR,Cash,
577,FELIX,Cash,
578,FIBERWEB,Cash,
579,FIDEL,Cash,
580,FIEMIND,Cash,
581,FILATEX,Cash,
582,FINCABLES,Cash,
583,FINEORG,Cash,
584,FINOPB,Cash,
585,FINPIPE,Cash,
586,FIVESTAR,Cash,
587,FLEXITUFF,Cash,
588,FLFL,Cash,
589,FLUOROCHEM,Cash,
590,FMGOETZE,Cash,
591,FMNL,Cash,
592,FOCE,Cash,
593,FOCUS,Cash,
594,FOODSIN,Cash,
595,FORCEMOT,Cash,
596,FORTIS,Cash,
597,FOSECOIND,Cash,
598,FRETAIL,Cash,
599,FROG,Cash,
600,FSC,Cash,
601,FSL,Cash,
602,FUSION,Cash,
603,GABRIEL,Cash,
604,GAEL,Cash,
605,GAIL,Cash,
606,GAL,Cash,
607,GALAXYSURF,Cash,
608,GALLANTT,Cash,
609,GANDHITUBE,Cash,
610,GANECOS,Cash,
611,GANESHBE,Cash,
612,GANESHHOUC,Cash,
613,GANGAFORGE,Cash,
614,GANGESSECU,Cash,
615,GARFIBRES,Cash,
616,GATEWAY,Cash,
617,GATI,Cash,
618,GAYAHWS,Cash,
619,GAYAPROJ,Cash,
620,GEECEE,Cash,
621,GEEKAYWIRE,Cash,
622,GENCON,Cash,
623,GENESYS,Cash,
624,GENUSPAPER,Cash,
625,GENUSPOWER,Cash,
626,GEOJITFSL,Cash,
627,GEPIL,Cash,
628,GESHIP,Cash,
629,GET&D,Cash,
630,GFLLIMITED,Cash,
631,GHCL,Cash,
632,GICHSGFIN,Cash,
633,GICRE,Cash,
634,GILLANDERS,Cash,
635,GILLETTE,Cash,
636,GILT5YBEES,Cash,
637,GINNIFILA,Cash,
638,GIPCL,Cash,
639,GISOLUTION,Cash,
640,GKWLIMITED,Cash,
641,GLAND,Cash,
642,GLAXO,Cash,
643,GLENMARK,Cash,
644,GLFL,Cash,
645,GLOBAL,Cash,
646,GLOBALVECT,Cash,
647,GLOBE,Cash,
648,GLOBUSSPR,Cash,
649,GLS,Cash,
650,GMBREW,Cash,
651,GMDCLTD,Cash,
652,GMMPFAUDLR,Cash,
653,GMRINFRA,Cash,
654,GMRP&UI,Cash,
655,GNA,Cash,
656,GNFC,Cash,
657,GOACARBON,Cash,
658,GOCLCORP,Cash,
659,GOCOLORS,Cash,
660,GODFRYPHLP,Cash,
661,GODHA,Cash,
662,GODREJAGRO,Cash,
663,GODREJCP,Cash,
664,GODREJIND,Cash,
665,GODREJPROP,Cash,
666,GOENKA,Cash,
667,GOKEX,Cash,
668,GOKUL,Cash,
669,GOKULAGRO,Cash,
670,GOLDBEES,Cash,
671,GOLDENTOBC,Cash,
672,GOLDIAM,Cash,
673,GOLDSHARE,Cash,
674,GOLDSTAR,Cash,
675,GOLDTECH,Cash,
676,GOODLUCK,Cash,
677,GOODYEAR,Cash,
678,GOYALALUM,Cash,
679,GPIL,Cash,
680,GPPL,Cash,
681,GPTINFRA,Cash,
682,GRANULES,Cash,
683,GRAPHITE,Cash,
684,GRASIM,Cash,
685,GRAUWEIL,Cash,
686,GRAVITA,Cash,
687,GRCL,Cash,
688,GREAVESCOT,Cash,
689,GREENLAM,Cash,
690,GREENPANEL,Cash,
691,GREENPLY,Cash,
692,GREENPOWER,Cash,
693,GRINDWELL,Cash,
694,GRINFRA,Cash,
695,GRMOVER,Cash,
696,GRPLTD,Cash,
697,GRSE,Cash,
698,GRWRHITECH,Cash,
699,GSFC,Cash,
700,GSLSU,Cash,
701,GSPL,Cash,
702,GSS,Cash,
703,GSTL,Cash,
704,GTL,Cash,
705,GTLINFRA,Cash,
706,GTPL,Cash,
707,GUFICBIO,Cash,
708,GUJALKALI,Cash,
709,GUJAPOLLO,Cash,
710,GUJGASLTD,Cash,
711,GUJRAFFIA,Cash,
712,GULFOILLUB,Cash,
713,GULFPETRO,Cash,
714,GULPOLY,Cash,
715,GVKPIL,Cash,
716,HAL,Cash,
717,HAPPSTMNDS,Cash,
718,HARDWYN,Cash,
719,HARIOMPIPE,Cash,
720,HARRMALAYA,Cash,
721,HARSHA,Cash,
722,HATHWAY,Cash,
723,HATSUN,Cash,
724,HAVELLS,Cash,
725,HAVISHA,Cash,
726,HBANKETF,Cash,
727,HBLPOWER,Cash,
728,HBSL,Cash,
729,HCC,Cash,
730,HCG,Cash,
731,HCL-INSYS,Cash,
732,HCLTECH,Cash,
733,HDFC,Cash,
734,HDFCAMC,Cash,
735,HDFCBANK,Cash,
736,HDFCBSE500,Cash,
737,HDFCGROWTH,Cash,
738,HDFCLIFE,Cash,
739,HDFCLOWVOL,Cash,
740,HDFCMFGETF,Cash,
741,HDFCMID150,Cash,
742,HDFCMOMENT,Cash,
743,HDFCNEXT50,Cash,
744,HDFCNIF100,Cash,
745,HDFCNIFETF,Cash,
746,HDFCNIFIT,Cash,
747,HDFCPVTBAN,Cash,
748,HDFCQUAL,Cash,
749,HDFCSENETF,Cash,
750,HDFCSILVER,Cash,
751,HDFCSML250,Cash,
752,HDFCVALUE,Cash,
753,HDIL,Cash,
754,HEADSUP,Cash,
755,HEALTHY,Cash,
756,HECPROJECT,Cash,
757,HEG,Cash,
758,HEIDELBERG,Cash,
759,HEMIPROP,Cash,
760,HERANBA,Cash,
761,HERCULES,Cash,
762,HERITGFOOD,Cash,
763,HEROMOTOCO,Cash,
764,HESTERBIO,Cash,
765,HEUBACHIND,Cash,
766,HEXATRADEX,Cash,
767,HFCL,Cash,
768,HGINFRA,Cash,
769,HGS,Cash,
770,HIKAL,Cash,
771,HIL,Cash,
772,HILTON,Cash,
773,HIMATSEIDE,Cash,
774,HINDALCO,Cash,
775,HINDCOMPOS,Cash,
776,HINDCON,Cash,
777,HINDCOPPER,Cash,
778,HINDMOTORS,Cash,
779,HINDNATGLS,Cash,
780,HINDOILEXP,Cash,
781,HINDPETRO,Cash,
782,HINDUNILVR,Cash,
783,HINDWAREAP,Cash,
784,HINDZINC,Cash,
785,HIRECT,Cash,
786,HISARMETAL,Cash,
787,HITECH,Cash,
788,HITECHCORP,Cash,
789,HITECHGEAR,Cash,
790,HLEGLAS,Cash,
791,HLVLTD,Cash,
792,HMT,Cash,
793,HMVL,Cash,
794,HNDFDS,Cash,
795,HNGSNGBEES,Cash,
796,HOMEFIRST,Cash,
797,HOMESFY,Cash,
798,HONAUT,Cash,
799,HONDAPOWER,Cash,
800,HOVS,Cash,
801,HPAL,Cash,
802,HPIL,Cash,
803,HPL,Cash,
804,HSCL,Cash,
805,HTMEDIA,Cash,
806,HUBTOWN,Cash,
807,HUDCO,Cash,
808,HUHTAMAKI,Cash,
809,HYBRIDFIN,Cash,
810,IBMFNIFTY,Cash,
811,IBREALEST,Cash,
812,IBUCCREDIT,Cash,
813,IBULHSGFIN,Cash,
814,ICDSLTD,Cash,
815,ICEMAKE,Cash,
816,ICICI10GS,Cash,
817,ICICI500,Cash,
818,ICICI5GSEC,Cash,
819,ICICIALPLV,Cash,
820,ICICIAUTO,Cash,
821,ICICIB22,Cash,
822,ICICIBANK,Cash,
823,ICICIBANKN,Cash,
824,ICICIBANKP,Cash,
825,ICICICOMMO,Cash,
826,ICICICONSU,Cash,
827,ICICIFIN,Cash,
828,ICICIFMCG,Cash,
829,ICICIGI,Cash,
830,ICICIGOLD,Cash,
831,ICICIINFRA,Cash,
832,ICICILIQ,Cash,
833,ICICILOVOL,Cash,
834,ICICIM150,Cash,
835,ICICIMCAP,Cash,
836,ICICIMOM30,Cash,
837,ICICINF100,Cash,
838,ICICINIFTY,Cash,
839,ICICINV20,Cash,
840,ICICINXT50,Cash,
841,ICICIPHARM,Cash,
842,ICICIPRULI,Cash,
843,ICICISENSX,Cash,
844,ICICISILVE,Cash,
845,ICICITECH,Cash,
846,ICIL,Cash,
847,ICRA,Cash,
848,IDBI,Cash,
849,IDBIGOLD,Cash,
850,IDEA,Cash,
851,IDFC,Cash,
852,IDFCFIRSTB,Cash,
853,IDFNIFTYET,Cash,
854,IEL,Cash,
855,IEX,Cash,
856,IFBAGRO,Cash,
857,IFBIND,Cash,
858,IFCI,Cash,
859,IFGLEXPOR,Cash,
860,IGARASHI,Cash,
861,IGL,Cash,
862,IGPL,Cash,
863,IIFCL,Cash,
864,IIFL,Cash,
865,IIFLSEC,Cash,
866,IIHFL,Cash,
867,IITL,Cash,
868,IL&FSENGG,Cash,
869,IL&FSTRANS,Cash,
870,IMAGICAA,Cash,
871,IMC1,Cash,
872,IMFA,Cash,
873,IMPAL,Cash,
874,IMPEXFERRO,Cash,
875,INCREDFIN,Cash,
876,INCREDIBLE,Cash,
877,INDBANK,Cash,
878,INDHOTEL,Cash,
879,INDIACEM,Cash,
880,INDIAGLYCO,Cash,
881,INDIAMART,Cash,
882,INDIANB,Cash,
883,INDIANCARD,Cash,
884,INDIANHUME,Cash,
885,INDIGO,Cash,
886,INDIGOPNTS,Cash,
887,INDIGRID,Cash,
888,INDLMETER,Cash,
889,INDNIPPON,Cash,
890,INDOAMIN,Cash,
891,INDOBORAX,Cash,
892,INDOCO,Cash,
893,INDORAMA,Cash,
894,INDOSTAR,Cash,
895,INDOTECH,Cash,
896,INDOTHAI,Cash,
897,INDOWIND,Cash,
898,INDRAMEDCO,Cash,
899,INDSWFTLAB,Cash,
900,INDSWFTLTD,Cash,
901,INDTERRAIN,Cash,
902,INDUSINDBK,Cash,
903,INDUSTOWER,Cash,
904,INFIBEAM,Cash,
905,INFINIUM,Cash,
906,INFOBEAN,Cash,
907,INFOLLION,Cash,
908,INFOMEDIA,Cash,
909,INFRABEES,Cash,
910,INFY,Cash,
911,INGERRAND,Cash,
912,INNOVATIVE,Cash,
913,INOXGREEN,Cash,
914,INOXWIND,Cash,
915,INSECTICID,Cash,
916,INSPIRISYS,Cash,
917,INTELLECT,Cash,
918,INTENTECH,Cash,
919,INTLCONV,Cash,
920,INVENTURE,Cash,
921,IOB,Cash,
922,IOC,Cash,
923,IOLCP,Cash,
924,IONEXCHANG,Cash,
925,IPCALAB,Cash,
926,IPL,Cash,
927,IRB,Cash,
928,IRBINVIT,Cash,
929,IRCON,Cash,
930,IRCTC,Cash,
931,IREDA,Cash,
932,IRFC,Cash,
933,IRIS,Cash,
934,IRISDOREME,Cash,
935,ISEC,Cash,
936,ISFT,Cash,
937,ISGEC,Cash,
938,ISHAN,Cash,
939,ISMTLTD,Cash,
940,ITBEES,Cash,
941,ITC,Cash,
942,ITDC,Cash,
943,ITDCEM,Cash,
944,ITI,Cash,
945,IVC,Cash,
946,IVP,Cash,
947,IVZINGOLD,Cash,
948,IVZINNIFTY,Cash,
949,IWEL,Cash,
950,IZMO,Cash,
951,J&KBANK,Cash,
952,JAGRAN,Cash,
953,JAGSNPHARM,Cash,
954,JAIBALAJI,Cash,
955,JAICORPLTD,Cash,
956,JAINAM,Cash,
957,JAIPURKURT,Cash,
958,JALAN,Cash,
959,JAMNAAUTO,Cash,
960,JASH,Cash,
961,JAYAGROGN,Cash,
962,JAYBARMARU,Cash,
963,JAYNECOIND,Cash,
964,JAYSREETEA,Cash,
965,JBCHEPHARM,Cash,
966,JBMA,Cash,
967,JCHAC,Cash,
968,JETAIRWAYS,Cash,
969,JETFREIGHT,Cash,
970,JETKNIT,Cash,
971,JHS,Cash,
972,JINDALPHOT,Cash,
973,JINDALPOLY,Cash,
974,JINDALSAW,Cash,
975,JINDALSTEL,Cash,
976,JINDRILL,Cash,
977,JINDWORLD,Cash,
978,JISLDVREQS,Cash,
979,JISLJALEQS,Cash,
980,JITFINFRA,Cash,
981,JKCEMENT,Cash,
982,JKIL,Cash,
983,JKLAKSHMI,Cash,
984,JKPAPER,Cash,
985,JKTYRE,Cash,
986,JMA,Cash,
987,JMFINANCIL,Cash,
988,JOCIL,Cash,
989,JPASSOCIAT,Cash,
990,JPOLYINVST,Cash,
991,JPPOWER,Cash,
992,JSL,Cash,
993,JSLL,Cash,
994,JSWENERGY,Cash,
995,JSWHL,Cash,
996,JSWISPL,Cash,
997,JSWSTEEL,Cash,
998,JTEKTINDIA,Cash,
999,JTLIND,Cash,
1000,JUBLFOOD,Cash,
1001,JUBLINDS,Cash,
1002,JUBLINGREA,Cash,
1003,JUBLPHARMA,Cash,
1004,JUNIORBEES,Cash,
1005,JUSTDIAL,Cash,
1006,JWL,Cash,
1007,JYOTHYLAB,Cash,
1008,JYOTISTRUC,Cash,
1009,KABRAEXTRU,Cash,
1010,KAJARIACER,Cash,
1011,KAKATCEM,Cash,
1012,KALYANIFRG,Cash,
1013,KALYANKJIL,Cash,
1014,KAMATHOTEL,Cash,
1015,KAMDHENU,Cash,
1016,KAMOPAINTS,Cash,
1017,KANANIIND,Cash,
1018,KANDARP,Cash,
1019,KANORICHEM,Cash,
1020,KANPRPLA,Cash,
1021,KANSAINER,Cash,
1022,KAPSTON,Cash,
1023,KARMAENG,Cash,
1024,KARURVYSYA,Cash,
1025,KAUSHALYA,Cash,
1026,KAVVERITEL,Cash,
1027,KAYA,Cash,
1028,KAYNES,Cash,
1029,KBCGLOBAL,Cash,
1030,KCP,Cash,
1031,KCPSUGIND,Cash,
1032,KDDL,Cash,
1033,KEC,Cash,
1034,KECL,Cash,
1035,KEEPLEARN,Cash,
1036,KEI,Cash,
1037,KELLTONTEC,Cash,
1038,KENNAMET,Cash,
1039,KERNEX,Cash,
1040,KESORAMIND,Cash,
1041,KEYFINSERV,Cash,
1042,KFINTECH,Cash,
1043,KHADIM,Cash,
1044,KHAICHEM,Cash,
1045,KHAITANLTD,Cash,
1046,KHANDSE,Cash,
1047,KHFM,Cash,
1048,KICL,Cash,
1049,KILITCH,Cash,
1050,KIMS,Cash,
1051,KINGFA,Cash,
1052,KIOCL,Cash,
1053,KIRIINDUS,Cash,
1054,KIRLFER,Cash,
1055,KIRLOSBROS,Cash,
1056,KIRLOSENG,Cash,
1057,KIRLOSIND,Cash,
1058,KIRLPNU,Cash,
1059,KITEX,Cash,
1060,KKCL,Cash,
1061,KKVAPOW,Cash,
1062,KMSUGAR,Cash,
1063,KNAGRI,Cash,
1064,KNRCON,Cash,
1065,KOHINOOR,Cash,
1066,KOKUYOCMLN,Cash,
1067,KOLTEPATIL,Cash,
1068,KOPRAN,Cash,
1069,KORE,Cash,
1070,KOTAKALPHA,Cash,
1071,KOTAKBANK,Cash,
1072,KOTAKBKETF,Cash,
1073,KOTAKCONS,Cash,
1074,KOTAKGOLD,Cash,
1075,KOTAKIT,Cash,
1076,KOTAKLOVOL,Cash,
1077,KOTAKMID50,Cash,
1078,KOTAKMNC,Cash,
1079,KOTAKNIFTY,Cash,
1080,KOTAKNV20,Cash,
1081,KOTAKPSUBK,Cash,
1082,KOTAKSILVE,Cash,
1083,KOTARISUG,Cash,
1084,KOTHARIPET,Cash,
1085,KOTHARIPRO,Cash,
1086,KOTYARK,Cash,
1087,KOVAI,Cash,
1088,KPIGREEN,Cash,
1089,KPIL,Cash,
1090,KPITTECH,Cash,
1091,KPRMILL,Cash,
1092,KRBL,Cash,
1093,KREBSBIO,Cash,
1094,KRIDHANINF,Cash,
1095,KRISHANA,Cash,
1096,KRISHCA,Cash,
1097,KRISHIVAL,Cash,
1098,KRISHNADEF,Cash,
1099,KRITI,Cash,
1100,KRITIKA,Cash,
1101,KRITINUT,Cash,
1102,KRSNAA,Cash,
1103,KSB,Cash,
1104,KSCL,Cash,
1105,KSHITIJPOL,Cash,
1106,KSL,Cash,
1107,KSOLVES,Cash,
1108,KTKBANK,Cash,
1109,KUANTUM,Cash,
1110,L&TFH,Cash,
1111,L&TFINANCE,Cash,
1112,LAGNAM,Cash,
1113,LAKPRE,Cash,
1114,LAL,Cash,
1115,LALPATHLAB,Cash,
1116,LAMBODHARA,Cash,
1117,LANDMARK,Cash,
1118,LAOPALA,Cash,
1119,LASA,Cash,
1120,LATENTVIEW,Cash,
1121,LATTEYS,Cash,
1122,LAURUSLABS,Cash,
1123,LAXMICOT,Cash,
1124,LAXMIMACH,Cash,
1125,LCCINFOTEC,Cash,
1126,LEMERITE,Cash,
1127,LEMONTREE,Cash,
1128,LEXUS,Cash,
1129,LFIC,Cash,
1130,LGBBROSLTD,Cash,
1131,LGBFORGE,Cash,
1132,LIBAS,Cash,
1133,LIBERTSHOE,Cash,
1134,LICHSGFIN,Cash,
1135,LICI,Cash,
1136,LICNETFGSC,Cash,
1137,LICNETFN50,Cash,
1138,LICNETFSEN,Cash,
1139,LICNFNHGP,Cash,
1140,LIKHITHA,Cash,
1141,LINC,Cash,
1142,LINCOLN,Cash,
1143,LINDEINDIA,Cash,
1144,LIQUIDBEES,Cash,
1145,LIQUIDETF,Cash,
1146,LLOYDS,Cash,
1147,LODHA,Cash,
1148,LOKESHMACH,Cash,
1149,LOTUSEYE,Cash,
1150,LOVABLE,Cash,
1151,LOYALTEX,Cash,
1152,LPDC,Cash,
1153,LRRPL,Cash,
1154,LSIL,Cash,
1155,LT,Cash,
1156,LTGILTBEES,Cash,
1157,LTIM,Cash,
1158,LTTS,Cash,
1159,LUMAXIND,Cash,
1160,LUMAXTECH,Cash,
1161,LUPIN,Cash,
1162,LUXIND,Cash,
1163,LXCHEM,Cash,
1164,LYKALABS,Cash,
1165,LYPSAGEMS,Cash,
1166,M&M,Cash,
1167,M&MFIN,Cash,
1168,MAANALU,Cash,
1169,MACPOWER,Cash,
1170,MADHAV,Cash,
1171,MADHAVBAUG,Cash,
1172,MADHUCON,Cash,
1173,MADRASFERT,Cash,
1174,MAESGETF,Cash,
1175,MAFANG,Cash,
1176,MAFSETF,Cash,
1177,MAGADSUGAR,Cash,
1178,MAGNUM,Cash,
1179,MAGOLDETF,Cash,
1180,MAGS813ETF,Cash,
1181,MAHABANK,Cash,
1182,MAHAPEXLTD,Cash,
1183,MAHASTEEL,Cash,
1184,MAHEPC,Cash,
1185,MAHESHWARI,Cash,
1186,MAHICKRA,Cash,
1187,MAHINDCIE,Cash,
1188,MAHKTECH,Cash,
1189,MAHLIFE,Cash,
1190,MAHLOG,Cash,
1191,MAHSCOOTER,Cash,
1192,MAHSEAMLES,Cash,
1193,MAITHANALL,Cash,
1194,MAKS,Cash,
1195,MALLCOM,Cash,
1196,MALUPAPER,Cash,
1197,MAM150ETF,Cash,
1198,MAMFGETF,Cash,
1199,MAN50ETF,Cash,
1200,MANAKALUCO,Cash,
1201,MANAKCOAT,Cash,
1202,MANAKSIA,Cash,
1203,MANAKSTEEL,Cash,
1204,MANALIPETC,Cash,
1205,MANAPPURAM,Cash,
1206,MANAV,Cash,
1207,MANGALAM,Cash,
1208,MANGCHEFER,Cash,
1209,MANGLMCEM,Cash,
1210,MANINDS,Cash,
1211,MANINFRA,Cash,
1212,MANKIND,Cash,
1213,MANORAMA,Cash,
1214,MANORG,Cash,
1215,MANUGRAPH,Cash,
1216,MANV30F,Cash,
1217,MANXT50,Cash,
1218,MANYAVAR,Cash,
1219,MAPMYINDIA,Cash,
1220,MARALOVER,Cash,
1221,MARATHON,Cash,
1222,MARICO,Cash,
1223,MARINE,Cash,
1224,MARKSANS,Cash,
1225,MARSHALL,Cash,
1226,MARUTI,Cash,
1227,MASFIN,Cash,
1228,MASPTOP50,Cash,
1229,MASTEK,Cash,
1230,MATRIMONY,Cash,
1231,MAWANASUG,Cash,
1232,MAXHEALTH,Cash,
1233,MAXIND,Cash,
1234,MAXVIL,Cash,
1235,MAYURUNIQ,Cash,
1236,MAZDA,Cash,
1237,MAZDOCK,Cash,
1238,MBAPL,Cash,
1239,MBECL,Cash,
1240,MBLINFRA,Cash,
1241,MCDOWELL-N,Cash,
1242,MCL,Cash,
1243,MCLEODRUSS,Cash,
1244,MCON,Cash,
1245,MCX,Cash,
1246,MEDANTA,Cash,
1247,MEDICAMEQ,Cash,
1248,MEDICO,Cash,
1249,MEDPLUS,Cash,
1250,MEGASOFT,Cash,
1251,MEGASTAR,Cash,
1252,MELSTAR,Cash,
1253,MENONBE,Cash,
1254,MEP,Cash,
1255,METALFORGE,Cash,
1256,METROBRAND,Cash,
1257,METROPOLIS,Cash,
1258,MFL,Cash,
1259,MFSL,Cash,
1260,MGEL,Cash,
1261,MGL,Cash,
1262,MHHL,Cash,
1263,MHLXMIRU,Cash,
1264,MHRIL,Cash,
1265,MICEL,Cash,
1266,MID150BEES,Cash,
1267,MIDHANI,Cash,
1268,MILTON,Cash,
1269,MINDACORP,Cash,
1270,MINDSPACE,Cash,
1271,MINDTECK,Cash,
1272,MIRCELECTR,Cash,
1273,MIRZAINT,Cash,
1274,MITCON,Cash,
1275,MITTAL,Cash,
1276,MKPL,Cash,
1277,MMFL,Cash,
1278,MMP,Cash,
1279,MMTC,Cash,
1280,MODIRUBBER,Cash,
1281,MODISONLTD,Cash,
1282,MOGSEC,Cash,
1283,MOHEALTH,Cash,
1284,MOHITIND,Cash,
1285,MOIL,Cash,
1286,MOKSH,Cash,
1287,MOL,Cash,
1288,MOLDTECH,Cash,
1289,MOLDTKPAC,Cash,
1290,MOLOWVOL,Cash,
1291,MOM100,Cash,
1292,MOM50,Cash,
1293,MOMENTUM,Cash,
1294,MOMOMENTUM,Cash,
1295,MON100,Cash,
1296,MONARCH,Cash,
1297,MONQ50,Cash,
1298,MONTECARLO,Cash,
1299,MOQUALITY,Cash,
1300,MORARJEE,Cash,
1301,MOREPENLAB,Cash,
1302,MOS,Cash,
1303,MOTHERSON,Cash,
1304,MOTILALOFS,Cash,
1305,MOTOGENFIN,Cash,
1306,MOVALUE,Cash,
1307,MOXSH,Cash,
1308,MPHASIS,Cash,
1309,MPSLTD,Cash,
1310,MPTODAY,Cash,
1311,MRF,Cash,
1312,MRO-TEK,Cash,
1313,MRPL,Cash,
1314,MSPL,Cash,
1315,MSTCLTD,Cash,
1316,MSUMI,Cash,
1317,MTARTECH,Cash,
1318,MTEDUCARE,Cash,
1319,MTNL,Cash,
1320,MUKANDLTD,Cash,
1321,MUKTAARTS,Cash,
1322,MUNJALAU,Cash,
1323,MUNJALSHOW,Cash,
1324,MURUDCERA,Cash,
1325,MUTHOOTCAP,Cash,
1326,MUTHOOTFIN,Cash,
1327,NABARD,Cash,
1328,NACLIND,Cash,
1329,NAGAFERT,Cash,
1330,NAGREEKCAP,Cash,
1331,NAGREEKEXP,Cash,
1332,NAHARCAP,Cash,
1333,NAHARINDUS,Cash,
1334,NAHARPOLY,Cash,
1335,NAHARSPING,Cash,
1336,NAM-INDIA,Cash,
1337,NARMADA,Cash,
1338,NATCOPHARM,Cash,
1339,NATHBIOGEN,Cash,
1340,NATIONALUM,Cash,
1341,NAUKRI,Cash,
1342,NAVA,Cash,
1343,NAVIFIN,Cash,
1344,NAVINFLUOR,Cash,
1345,NAVKARCORP,Cash,
1346,NAVNETEDUL,Cash,
1347,NAZARA,Cash,
1348,NBCC,Cash,
1349,NBIFIN,Cash,
1350,NCC,Cash,
1351,NCLIND,Cash,
1352,NDGL,Cash,
1353,NDL,Cash,
1354,NDLVENTURE,Cash,
1355,NDRAUTO,Cash,
1356,NDTV,Cash,
1357,NECCLTD,Cash,
1358,NECLIFE,Cash,
1359,NELCAST,Cash,
1360,NELCO,Cash,
1361,NEOGEN,Cash,
1362,NESCO,Cash,
1363,NESTLEIND,Cash,
1364,NETF,Cash,
1365,NETWORK18,Cash,
1366,NEULANDLAB,Cash,
1367,NEWGEN,Cash,
1368,NEXTMEDIA,Cash,
1369,NFL,Cash,
1370,NGIL,Cash,
1371,NGLFINE,Cash,
1372,NH,Cash,
1373,NHAI,Cash,
1374,NHBTF2014,Cash,
1375,NHBTF2023,Cash,
1376,NHIT,Cash,
1377,NHPC,Cash,
1378,NIACL,Cash,
1379,NIBL,Cash,
1380,NIDAN,Cash,
1381,NIF100BEES,Cash,
1382,NIFTYBEES,Cash,
1383,NIFTYQLITY,Cash,
1384,NIITLTD,Cash,
1385,NILAINFRA,Cash,
1386,NILASPACES,Cash,
1387,NILKAMAL,Cash,
1388,NINSYS,Cash,
1389,NIPPOBATRY,Cash,
1390,NIRAJ,Cash,
1391,NIRMAN,Cash,
1392,NITCO,Cash,
1393,NITINSPIN,Cash,
1394,NITIRAJ,Cash,
1395,NKIND,Cash,
1396,NLCINDIA,Cash,
1397,NMDC,Cash,
1398,NOCIL,Cash,
1399,NOIDATOLL,Cash,
1400,NORBTEAEXP,Cash,
1401,NOVARTIND,Cash,
1402,NPBET,Cash,
1403,NPST,Cash,
1404,NRAIL,Cash,
1405,NRBBEARING,Cash,
1406,NRL,Cash,
1407,NSIL,Cash,
1408,NSLNISP,Cash,
1409,NTPC,Cash,
1410,NUCLEUS,Cash,
1411,NURECA,Cash,
1412,NUVOCO,Cash,
1413,NV20BEES,Cash,
1414,NXST,Cash,
1415,NYKAA,Cash,
1416,OAL,Cash,
1417,OBCL,Cash,
1418,OBEROIRLTY,Cash,
1419,OCCL,Cash,
1420,OFSS,Cash,
1421,OIL,Cash,
1422,OILCOUNTUB,Cash,
1423,OLECTRA,Cash,
1424,OMAXAUTO,Cash,
1425,OMAXE,Cash,
1426,OMFURN,Cash,
1427,OMINFRAL,Cash,
1428,OMKARCHEM,Cash,
1429,ONELIFECAP,Cash,
1430,ONEPOINT,Cash,
1431,ONGC,Cash,
1432,ONMOBILE,Cash,
1433,ONWARDTEC,Cash,
1434,OPTIEMUS,Cash,
1435,ORBTEXP,Cash,
1436,ORCHPHARMA,Cash,
1437,ORICONENT,Cash,
1438,ORIENTABRA,Cash,
1439,ORIENTALTL,Cash,
1440,ORIENTBELL,Cash,
1441,ORIENTCEM,Cash,
1442,ORIENTELEC,Cash,
1443,ORIENTHOT,Cash,
1444,ORIENTLTD,Cash,
1445,ORIENTPPR,Cash,
1446,ORISSAMINE,Cash,
1447,ORTEL,Cash,
1448,ORTINLAB,Cash,
1449,OSIAHYPER,Cash,
1450,OSWALAGRO,Cash,
1451,OSWALGREEN,Cash,
1452,OSWALSEEDS,Cash,
1453,PAGEIND,Cash,
1454,PAISALO,Cash,
1455,PALASHSECU,Cash,
1456,PALREDTEC,Cash,
1457,PANACEABIO,Cash,
1458,PANACHE,Cash,
1459,PANAMAPET,Cash,
1460,PANSARI,Cash,
1461,PAR,Cash,
1462,PARACABLES,Cash,
1463,PARADEEP,Cash,
1464,PARAGMILK,Cash,
1465,PARAS,Cash,
1466,PARASPETRO,Cash,
1467,PARIN,Cash,
1468,PARSVNATH,Cash,
1469,PARTYCRUS,Cash,
1470,PASHUPATI,Cash,
1471,PASUPTAC,Cash,
1472,PATANJALI,Cash,
1473,PATELENG,Cash,
1474,PATINTLOG,Cash,
1475,PATTECH,Cash,
1476,PAVNAIND,Cash,
1477,PAYTM,Cash,
1478,PCBL,Cash,
1479,PCHFL,Cash,
1480,PCJEWELLER,Cash,
1481,PDMJEPAPER,Cash,
1482,PDSL,Cash,
1483,PEARLPOLY,Cash,
1484,PEL,Cash,
1485,PENIND,Cash,
1486,PENINLAND,Cash,
1487,PERFECT,Cash,
1488,PERSISTENT,Cash,
1489,PETRONET,Cash,
1490,PFC,Cash,
1491,PFIZER,Cash,
1492,PFOCUS,Cash,
1493,PFS,Cash,
1494,PGEL,Cash,
1495,PGHH,Cash,
1496,PGHL,Cash,
1497,PGIL,Cash,
1498,PGINVIT,Cash,
1499,PHANTOMFX,Cash,
1500,PHARMABEES,Cash,
1501,PHOENIXLTD,Cash,
1502,PIDILITIND,Cash,
1503,PIGL,Cash,
1504,PIIND,Cash,
1505,PILANIINVS,Cash,
1506,PILITA,Cash,
1507,PIONEEREMB,Cash,
1508,PITTIENG,Cash,
1509,PIXTRANS,Cash,
1510,PKTEA,Cash,
1511,PLASTIBLEN,Cash,
1512,PNB,Cash,
1513,PNBGILTS,Cash,
1514,PNBHOUSING,Cash,
1515,PNC,Cash,
1516,PNCINFRA,Cash,
1517,POCL,Cash,
1518,PODDARHOUS,Cash,
1519,PODDARMENT,Cash,
1520,POKARNA,Cash,
1521,POLICYBZR,Cash,
1522,POLYCAB,Cash,
1523,POLYMED,Cash,
1524,POLYPLEX,Cash,
1525,PONNIERODE,Cash,
1526,POONAWALLA,Cash,
1527,POWERGRID,Cash,
1528,POWERINDIA,Cash,
1529,POWERMECH,Cash,
1530,PPAP,Cash,
1531,PPL,Cash,
1532,PPLPHARMA,Cash,
1533,PRAENG,Cash,
1534,PRAJIND,Cash,
1535,PRAKASH,Cash,
1536,PRAKASHSTL,Cash,
1537,PRAXIS,Cash,
1538,PRAXIS-RE1,Cash,
1539,PRECAM,Cash,
1540,PRECISION,Cash,
1541,PRECOT,Cash,
1542,PRECWIRE,Cash,
1543,PREMEXPLN,Cash,
1544,PREMIER,Cash,
1545,PREMIERPOL,Cash,
1546,PRESSMN,Cash,
1547,PRESTIGE,Cash,
1548,PRICOLLTD,Cash,
1549,PRIMESECU,Cash,
1550,PRINCEPIPE,Cash,
1551,PRITI,Cash,
1552,PRITIKA,Cash,
1553,PRITIKAUTO,Cash,
1554,PRIVISCL,Cash,
1555,PROLIFE,Cash,
1556,PROPEQUITY,Cash,
1557,PROV,Cash,
1558,PROZONINTU,Cash,
1559,PRSMJOHNSN,Cash,
1560,PRUDENT,Cash,
1561,PSB,Cash,
1562,PSPPROJECT,Cash,
1563,PSUBANKICI,Cash,
1564,PSUBNKBEES,Cash,
1565,PTC,Cash,
1566,PTL,Cash,
1567,PULZ,Cash,
1568,PUNJABCHEM,Cash,
1569,PURVA,Cash,
1570,PVP,Cash,
1571,PVRINOX,Cash,
1572,QFIL,Cash,
1573,QGOLDHALF,Cash,
1574,QMSMEDI,Cash,
1575,QNIFTY,Cash,
1576,QUADPRO,Cash,
1577,QUESS,Cash,
1578,QUICKHEAL,Cash,
1579,QUICKTOUCH,Cash,
1580,RACE,Cash,
1581,RADAAN,Cash,
1582,RADHIKAJWE,Cash,
1583,RADIANTCMS,Cash,
1584,RADICO,Cash,
1585,RADIOCITY,Cash,
1586,RAILTEL,Cash,
1587,RAIN,Cash,
1588,RAINBOW,Cash,
1589,RAJESHEXPO,Cash,
1590,RAJMET,Cash,
1591,RAJRATAN,Cash,
1592,RAJRILTD,Cash,
1593,RAJSREESUG,Cash,
1594,RAJTV,Cash,
1595,RALLIS,Cash,
1596,RAMANEWS,Cash,
1597,RAMAPHO,Cash,
1598,RAMASTEEL,Cash,
1599,RAMCOCEM,Cash,
1600,RAMCOIND,Cash,
1601,RAMCOSYS,Cash,
1602,RAMKY,Cash,
1603,RAMRAT,Cash,
1604,RANASUG,Cash,
1605,RANEENGINE,Cash,
1606,RANEHOLDIN,Cash,
1607,RATEGAIN,Cash,
1608,RATNAMANI,Cash,
1609,RAYMOND,Cash,
1610,RBA,Cash,
1611,RBL,Cash,
1612,RBLBANK,Cash,
1613,RBMINFRA,Cash,
1614,RCF,Cash,
1615,RCOM,Cash,
1616,RECLTD,Cash,
1617,REDINGTON,Cash,
1618,REFEX,Cash,
1619,REGENCERAM,Cash,
1620,RELAXO,Cash,
1621,RELCAPITAL,Cash,
1622,RELCHEMQ,Cash,
1623,RELIANCE,Cash,
1624,RELIGARE,Cash,
1625,RELINFRA,Cash,
1626,REMSONSIND,Cash,
1627,REMUS,Cash,
1628,RENUKA,Cash,
1629,REPCOHOME,Cash,
1630,REPL,Cash,
1631,REPRO,Cash,
1632,RESPONIND,Cash,
1633,REVATHI,Cash,
1634,REXPIPES,Cash,
1635,RGL,Cash,
1636,RHFL,Cash,
1637,RHIM,Cash,
1638,RHL,Cash,
1639,RICHA,Cash,
1640,RICOAUTO,Cash,
1641,RIIL,Cash,
1642,RILINFRA,Cash,
1643,RITCO,Cash,
1644,RITES,Cash,
1645,RITEZONE,Cash,
1646,RKEC,Cash,
1647,RKFORGE,Cash,
1648,RMDRIP,Cash,
1649,RML,Cash,
1650,RNAVAL,Cash,
1651,ROHLTD,Cash,
1652,ROLEXRINGS,Cash,
1653,ROLLT,Cash,
1654,ROLTA,Cash,
1655,ROML,Cash,
1656,ROSSARI,Cash,
1657,ROSSELLIND,Cash,
1658,ROTO,Cash,
1659,ROUTE,Cash,
1660,RPGLIFE,Cash,
1661,RPOWER,Cash,
1662,RPPINFRA,Cash,
1663,RPPL,Cash,
1664,RPSGVENT,Cash,
1665,RSSOFTWARE,Cash,
1666,RSWM,Cash,
1667,RSYSTEMS,Cash,
1668,RTNINDIA,Cash,
1669,RTNPOWER,Cash,
1670,RUBYMILLS,Cash,
1671,RUCHINFRA,Cash,
1672,RUCHIRA,Cash,
1673,RUPA,Cash,
1674,RUSHIL,Cash,
1675,RUSTOMJEE,Cash,
1676,RVHL,Cash,
1677,RVNL,Cash,
1678,S&SPOWER,Cash,
1679,SABAR,Cash,
1680,SABEVENTS,Cash,
1681,SABTN,Cash,
1682,SADBHAV,Cash,
1683,SADBHIN,Cash,
1684,SADHNANIQ,Cash,
1685,SAFARI,Cash,
1686,SAGARDEEP,Cash,
1687,SAGCEM,Cash,
1688,SAH,Cash,
1689,SAHYADRI,Cash,
1690,SAIL,Cash,
1691,SAKAR,Cash,
1692,SAKHTISUG,Cash,
1693,SAKSOFT,Cash,
1694,SAKUMA,Cash,
1695,SALASAR,Cash,
1696,SALONA,Cash,
1697,SALSTEEL,Cash,
1698,SALZERELEC,Cash,
1699,SAMBHAAV,Cash,
1700,SANDESH,Cash,
1701,SANDHAR,Cash,
1702,SANGAMIND,Cash,
1703,SANGHIIND,Cash,
1704,SANGHVIMOV,Cash,
1705,SANGINITA,Cash,
1706,SANOFI,Cash,
1707,SANSERA,Cash,
1708,SAPPHIRE,Cash,
1709,SARDAEN,Cash,
1710,SAREGAMA,Cash,
1711,SARLAPOLY,Cash,
1712,SARVESHWAR,Cash,
1713,SASKEN,Cash,
1714,SASTASUNDR,Cash,
1715,SATIA,Cash,
1716,SATIN,Cash,
1717,SATINDLTD,Cash,
1718,SBC,Cash,
1719,SBCL,Cash,
1720,SBGLP,Cash,
1721,SBICARD,Cash,
1722,SBIETFCON,Cash,
1723,SBIETFIT,Cash,
1724,SBIETFPB,Cash,
1725,SBIETFQLTY,Cash,
1726,SBILIFE,Cash,
1727,SBIN,Cash,
1728,SCAPDVR,Cash,
1729,SCHAEFFLER,Cash,
1730,SCHAND,Cash,
1731,SCHNEIDER,Cash,
1732,SCI,Cash,
1733,SCPL,Cash,
1734,SDBL,Cash,
1735,SDL24BEES,Cash,
1736,SDL26BEES,Cash,
1737,SEAMECLTD,Cash,
1738,SECURCRED,Cash,
1739,SECURKLOUD,Cash,
1740,SEJALLTD,Cash,
1741,SELAN,Cash,
1742,SELMC,Cash,
1743,SEPC,Cash,
1744,SEPOWER,Cash,
1745,SEQUENT,Cash,
1746,SERVOTECH,Cash,
1747,SESHAPAPER,Cash,
1748,SETCO,Cash,
1749,SETF10GILT,Cash,
1750,SETFGOLD,Cash,
1751,SETFNIF50,Cash,
1752,SETFNIFBK,Cash,
1753,SETFNN50,Cash,
1754,SETUINFRA,Cash,
1755,SEYAIND,Cash,
1756,SFL,Cash,
1757,SGBAPR28I,Cash,
1758,SGBAUG24,Cash,
1759,SGBAUG27,Cash,
1760,SGBAUG28V,Cash,
1761,SGBAUG29V,Cash,
1762,SGBAUG30,Cash,
1763,SGBD29VIII,Cash,
1764,SGBDC27VII,Cash,
1765,SGBDE30III,Cash,
1766,SGBDEC26,Cash,
1767,SGBFEB24,Cash,
1768,SGBFEB27,Cash,
1769,SGBFEB28IX,Cash,
1770,SGBFEB29XI,Cash,
1771,SGBJ28VIII,Cash,
1772,SGBJAN27,Cash,
1773,SGBJAN29IX,Cash,
1774,SGBJAN29X,Cash,
1775,SGBJAN30IX,Cash,
1776,SGBJU29III,Cash,
1777,SGBJUL25,Cash,
1778,SGBJUL27,Cash,
1779,SGBJUL28IV,Cash,
1780,SGBJUL29IV,Cash,
1781,SGBJUN28,Cash,
1782,SGBJUN29II,Cash,
1783,SGBJUN30,Cash,
1784,SGBMAR24,Cash,
1785,SGBMAR25,Cash,
1786,SGBMAR28X,Cash,
1787,SGBMAR30X,Cash,
1788,SGBMAR31IV,Cash,
1789,SGBMAY25,Cash,
1790,SGBMAY26,Cash,
1791,SGBMAY28,Cash,
1792,SGBMAY29I,Cash,
1793,SGBMR29XII,Cash,
1794,SGBN28VIII,Cash,
1795,SGBNOV23,Cash,
1796,SGBNOV24,Cash,
1797,SGBNOV26,Cash,
1798,SGBNV29VII,Cash,
1799,SGBOC28VII,Cash,
1800,SGBOCT25IV,Cash,
1801,SGBOCT26,Cash,
1802,SGBOCT27,Cash,
1803,SGBSEP24,Cash,
1804,SGBSEP28VI,Cash,
1805,SGBSEP29VI,Cash,
1806,SGIL,Cash,
1807,SGL,Cash,
1808,SHAHALLOYS,Cash,
1809,SHAILY,Cash,
1810,SHAKTIPUMP,Cash,
1811,SHALBY,Cash,
1812,SHALPAINTS,Cash,
1813,SHANKARA,Cash,
1814,SHANTI,Cash,
1815,SHANTIGEAR,Cash,
1816,SHARDACROP,Cash,
1817,SHARDAMOTR,Cash,
1818,SHAREINDIA,Cash,
1819,SHARIABEES,Cash,
1820,SHEMAROO,Cash,
1821,SHERA,Cash,
1822,SHIGAN,Cash,
1823,SHILPAMED,Cash,
1824,SHIVALIK,Cash,
1825,SHIVAMAUTO,Cash,
1826,SHIVAMILLS,Cash,
1827,SHIVATEX,Cash,
1828,SHK,Cash,
1829,SHOPERSTOP,Cash,
1830,SHRADHA,Cash,
1831,SHREDIGCEM,Cash,
1832,SHREECEM,Cash,
1833,SHREEPUSHK,Cash,
1834,SHREERAMA,Cash,
1835,SHRENIK,Cash,
1836,SHREYANIND,Cash,
1837,SHREYAS,Cash,
1838,SHRIPISTON,Cash,
1839,SHRIRAMFIN,Cash,
1840,SHRIRAMPPS,Cash,
1841,SHUBHLAXMI,Cash,
1842,SHYAMCENT,Cash,
1843,SHYAMMETL,Cash,
1844,SHYAMTEL,Cash,
1845,SIDDHIKA,Cash,
1846,SIEMENS,Cash,
1847,SIGACHI,Cash,
1848,SIGIND,Cash,
1849,SIGMA,Cash,
1850,SIKKO,Cash,
1851,SIL,Cash,
1852,SILGO,Cash,
1853,SILINV,Cash,
1854,SILLYMONKS,Cash,
1855,SILVER,Cash,
1856,SILVERBEES,Cash,
1857,SILVERETF,Cash,
1858,SILVERTUC,Cash,
1859,SIMBHALS,Cash,
1860,SIMPLEXINF,Cash,
1861,SINTERCOM,Cash,
1862,SIRCA,Cash,
1863,SIS,Cash,
1864,SITINET,Cash,
1865,SIYSIL,Cash,
1866,SJS,Cash,
1867,SJVN,Cash,
1868,SKFINDIA,Cash,
1869,SKIPPER,Cash,
1870,SKMEGGPROD,Cash,
1871,SKP,Cash,
1872,SKYGOLD,Cash,
1873,SMARTLINK,Cash,
1874,SMCGLOBAL,Cash,
1875,SMLISUZU,Cash,
1876,SMLT,Cash,
1877,SMSLIFE,Cash,
1878,SMSPHARMA,Cash,
1879,SMVD,Cash,
1880,SNOWMAN,Cash,
1881,SOBHA,Cash,
1882,SOFTTECH,Cash,
1883,SOLARA,Cash,
1884,SOLARINDS,Cash,
1885,SOLEX,Cash,
1886,SOMANYCERA,Cash,
1887,SOMATEX,Cash,
1888,SOMICONVEY,Cash,
1889,SONACOMS,Cash,
1890,SONAMCLOCK,Cash,
1891,SONATSOFTW,Cash,
1892,SOTAC,Cash,
1893,SOTL,Cash,
1894,SOUTHBANK,Cash,
1895,SOUTHWEST,Cash,
1896,SPAL,Cash,
1897,SPANDANA,Cash,
1898,SPARC,Cash,
1899,SPCENET,Cash,
1900,SPECIALITY,Cash,
1901,SPECTRUM,Cash,
1902,SPENCERS,Cash,
1903,SPIC,Cash,
1904,SPLIL,Cash,
1905,SPLPETRO,Cash,
1906,SPMLINFRA,Cash,
1907,SPORTKING,Cash,
1908,SPTL,Cash,
1909,SREEL,Cash,
1910,SREIBNPNCD,Cash,
1911,SREINFRA,Cash,
1912,SRF,Cash,
1913,SRHHYPOLTD,Cash,
1914,SRIVASAVI,Cash,
1915,SRPL,Cash,
1916,SSWL,Cash,
1917,STAR,Cash,
1918,STARCEMENT,Cash,
1919,STARHEALTH,Cash,
1920,STARPAPER,Cash,
1921,STARTECK,Cash,
1922,STCINDIA,Cash,
1923,STEELCAS,Cash,
1924,STEELCITY,Cash,
1925,STEELXIND,Cash,
1926,STEL,Cash,
1927,STERTOOLS,Cash,
1928,STLTECH,Cash,
1929,STOVEKRAFT,Cash,
1930,STYLAMIND,Cash,
1931,STYRENIX,Cash,
1932,SUBEXLTD,Cash,
1933,SUBROS,Cash,
1934,SUDARSCHEM,Cash,
1935,SUKHJITS,Cash,
1936,SULA,Cash,
1937,SUMICHEM,Cash,
1938,SUMIT,Cash,
1939,SUMMITSEC,Cash,
1940,SUNCLAYLTD,Cash,
1941,SUNDARAM,Cash,
1942,SUNDARMFIN,Cash,
1943,SUNDARMHLD,Cash,
1944,SUNDRMBRAK,Cash,
1945,SUNDRMFAST,Cash,
1946,SUNFLAG,Cash,
1947,SUNPHARMA,Cash,
1948,SUNTECK,Cash,
1949,SUNTV,Cash,
1950,SUPERHOUSE,Cash,
1951,SUPERSPIN,Cash,
1952,SUPRAJIT,Cash,
1953,SUPREMEIND,Cash,
1954,SUPREMEINF,Cash,
1955,SUPRIYA,Cash,
1956,SURANASOL,Cash,
1957,SURANAT&P,Cash,
1958,SURANI,Cash,
1959,SURYALAXMI,Cash,
1960,SURYAROSNI,Cash,
1961,SURYODAY,Cash,
1962,SUTLEJTEX,Cash,
1963,SUULD,Cash,
1964,SUVEN,Cash,
1965,SUVENPHAR,Cash,
1966,SUVIDHAA,Cash,
1967,SUZLON,Cash,
1968,SVLL,Cash,
1969,SVPGLOB,Cash,
1970,SWANENERGY,Cash,
1971,SWARAJ,Cash,
1972,SWARAJENG,Cash,
1973,SWASTIK,Cash,
1974,SWELECTES,Cash,
1975,SWSOLAR,Cash,
1976,SYMPHONY,Cash,
1977,SYNCOMF,Cash,
1978,SYNGENE,Cash,
1979,SYRMA,Cash,
1980,SYSTANGO,Cash,
1981,TAINWALCHM,Cash,
1982,TAJGVK,Cash,
1983,TAKE,Cash,
1984,TALBROAUTO,Cash,
1985,TANLA,Cash,
1986,TANTIACONS,Cash,
1987,TAPIFRUIT,Cash,
1988,TARACHAND,Cash,
1989,TARAPUR,Cash,
1990,TARC,Cash,
1991,TARMAT,Cash,
1992,TARSONS,Cash,
1993,TASTYBITE,Cash,
1994,TATACAPHSG,Cash,
1995,TATACHEM,Cash,
1996,TATACOFFEE,Cash,
1997,TATACOMM,Cash,
1998,TATACONSUM,Cash,
1999,TATAELXSI,Cash,
2000,TATAINVEST,Cash,
2001,TATAMETALI,Cash,
2002,TATAMOTORS,Cash,
2003,TATAMTRDVR,Cash,
2004,TATAPOWER,Cash,
2005,TATASTEEL,Cash,
2006,TATASTLLP,Cash,
2007,TATVA,Cash,
2008,TBZ,Cash,
2009,TCFSL,Cash,
2010,TCI,Cash,
2011,TCIEXP,Cash,
2012,TCNSBRANDS,Cash,
2013,TCPLPACK,Cash,
2014,TCS,Cash,
2015,TDPOWERSYS,Cash,
2016,TEAMLEASE,Cash,
2017,TECH,Cash,
2018,TECHIN,Cash,
2019,TECHM,Cash,
2020,TECHNOE,Cash,
2021,TECILCHEM,Cash,
2022,TEGA,Cash,
2023,TEJASNET,Cash,
2024,TEMBO,Cash,
2025,TERASOFT,Cash,
2026,TEXINFRA,Cash,
2027,TEXMOPIPES,Cash,
2028,TEXRAIL,Cash,
2029,TFCILTD,Cash,
2030,TFL,Cash,
2031,TGBHOTELS,Cash,
2032,THANGAMAYL,Cash,
2033,THEINVEST,Cash,
2034,THEJO,Cash,
2035,THEMISMED,Cash,
2036,THERMAX,Cash,
2037,THOMASCOOK,Cash,
2038,THOMASCOTT,Cash,
2039,THYROCARE,Cash,
2040,TI,Cash,
2041,TIDEWATER,Cash,
2042,TIIL,Cash,
2043,TIINDIA,Cash,
2044,TIJARIA,Cash,
2045,TIL,Cash,
2046,TIMESCAN,Cash,
2047,TIMESGTY,Cash,
2048,TIMETECHNO,Cash,
2049,TIMKEN,Cash,
2050,TINPLATE,Cash,
2051,TIPSFILMS,Cash,
2052,TIPSINDLTD,Cash,
2053,TIRUMALCHM,Cash,
2054,TIRUPATI,Cash,
2055,TIRUPATIFL,Cash,
2056,TITAN,Cash,
2057,TMB,Cash,
2058,TNIDETF,Cash,
2059,TNPETRO,Cash,
2060,TNPL,Cash,
2061,TNTELE,Cash,
2062,TOKYOPLAST,Cash,
2063,TORNTPHARM,Cash,
2064,TORNTPOWER,Cash,
2065,TOTAL,Cash,
2066,TOUCHWOOD,Cash,
2067,TPLPLASTEH,Cash,
2068,TRACXN,Cash,
2069,TREEHOUSE,Cash,
2070,TREJHARA,Cash,
2071,TRENT,Cash,
2072,TRF,Cash,
2073,TRIDENT,Cash,
2074,TRIGYN,Cash,
2075,TRIL,Cash,
2076,TRITURBINE,Cash,
2077,TRIVENI,Cash,
2078,TTKHLTCARE,Cash,
2079,TTKPRESTIG,Cash,
2080,TTL,Cash,
2081,TTML,Cash,
2082,TV18BRDCST,Cash,
2083,TVSELECT,Cash,
2084,TVSMOTOR,Cash,
2085,TVSSRICHAK,Cash,
2086,TVTODAY,Cash,
2087,TVVISION,Cash,
2088,TWL,Cash,
2089,UBL,Cash,
2090,UCALFUEL,Cash,
2091,UCOBANK,Cash,
2092,UDAICEMENT,Cash,
2093,UFLEX,Cash,
2094,UFO,Cash,
2095,UGARSUGAR,Cash,
2096,UGROCAP,Cash,
2097,UJAAS,Cash,
2098,UJJIVAN,Cash,
2099,UJJIVANSFB,Cash,
2100,ULTRACEMCO,Cash,
2101,UMA,Cash,
2102,UMAEXPORTS,Cash,
2103,UMANGDAIRY,Cash,
2104,UMESLTD,Cash,
2105,UNICHEMLAB,Cash,
2106,UNIDT,Cash,
2107,UNIENTER,Cash,
2108,UNIINFO,Cash,
2109,UNIONBANK,Cash,
2110,UNIPARTS,Cash,
2111,UNITECH,Cash,
2112,UNITEDPOLY,Cash,
2113,UNITEDTEA,Cash,
2114,UNIVASTU,Cash,
2115,UNIVCABLES,Cash,
2116,UNIVPHOTO,Cash,
2117,UNOMINDA,Cash,
2118,UPL,Cash,
2119,URAVI,Cash,
2120,URJA,Cash,
2121,USASEEDS,Cash,
2122,USHAMART,Cash,
2123,USK,Cash,
2124,UTIAMC,Cash,
2125,UTIBANKETF,Cash,
2126,UTINEXT50,Cash,
2127,UTINIFTETF,Cash,
2128,UTISENSETF,Cash,
2129,UTISXN50,Cash,
2130,UTTAMSUGAR,Cash,
2131,V2RETAIL,Cash,
2132,VADILALIND,Cash,
2133,VAIBHAVGBL,Cash,
2134,VAISHALI,Cash,
2135,VAKRANGEE,Cash,
2136,VALIANTORG,Cash,
2137,VARDHACRLC,Cash,
2138,VARDMNPOLY,Cash,
2139,VARROC,Cash,
2140,VASA,Cash,
2141,VASCONEQ,Cash,
2142,VASWANI,Cash,
2143,VBL,Cash,
2144,VCL,Cash,
2145,VEDL,Cash,
2146,VEEKAYEM,Cash,
2147,VELS,Cash,
2148,VENKEYS,Cash,
2149,VENUSPIPES,Cash,
2150,VENUSREM,Cash,
2151,VERANDA,Cash,
2152,VERTEXPLUS,Cash,
2153,VERTOZ,Cash,
2154,VESUVIUS,Cash,
2155,VETO,Cash,
2156,VGUARD,Cash,
2157,VHL,Cash,
2158,VIAZ,Cash,
2159,VIDHIING,Cash,
2160,VIJAYA,Cash,
2161,VIJIFIN,Cash,
2162,VIKASECO,Cash,
2163,VIKASLIFE,Cash,
2164,VIMTALABS,Cash,
2165,VINATIORGA,Cash,
2166,VINDHYATEL,Cash,
2167,VINEETLAB,Cash,
2168,VINNY,Cash,
2169,VINYLINDIA,Cash,
2170,VIPCLOTHNG,Cash,
2171,VIPIND,Cash,
2172,VIPULLTD,Cash,
2173,VIRINCHI,Cash,
2174,VISAKAIND,Cash,
2175,VISASTEEL,Cash,
2176,VISESHINFO,Cash,
2177,VISHAL,Cash,
2178,VISHNU,Cash,
2179,VISHWARAJ,Cash,
2180,VITAL,Cash,
2181,VIVIANA,Cash,
2182,VIVIDHA,Cash,
2183,VIVO,Cash,
2184,VLSFINANCE,Cash,
2185,VMARCIND,Cash,
2186,VMART,Cash,
2187,VOLTAMP,Cash,
2188,VOLTAS,Cash,
2189,VRLLOG,Cash,
2190,VSSL,Cash,
2191,VSTIND,Cash,
2192,VSTTILLERS,Cash,
2193,VTL,Cash,
2194,WABAG,Cash,
2195,WALCHANNAG,Cash,
2196,WALPAR,Cash,
2197,WANBURY,Cash,
2198,WATERBASE,Cash,
2199,WEALTH,Cash,
2200,WEBELSOLAR,Cash,
2201,WEIZMANIND,Cash,
2202,WEL,Cash,
2203,WELCORP,Cash,
2204,WELENT,Cash,
2205,WELINV,Cash,
2206,WELSPUNIND,Cash,
2207,WENDT,Cash,
2208,WESTLIFE,Cash,
2209,WEWIN,Cash,
2210,WHEELS,Cash,
2211,WHIRLPOOL,Cash,
2212,WILLAMAGOR,Cash,
2213,WINDLAS,Cash,
2214,WINDMACHIN,Cash,
2215,WIPL,Cash,
2216,WIPRO,Cash,
2217,WOCKPHARMA,Cash,
2218,WONDERLA,Cash,
2219,WORTH,Cash,
2220,WSI,Cash,
2221,WSTCSTPAPR,Cash,
2222,XCHANGING,Cash,
2223,XELPMOC,Cash,
2224,XPROINDIA,Cash,
2225,YAARI,Cash,
2226,YESBANK,Cash,
2227,YUKEN,Cash,
2228,ZEEL,Cash,
2229,ZEELEARN,Cash,
2230,ZEEMEDIA,Cash,
2231,ZENITHEXPO,Cash,
2232,ZENITHSTL,Cash,
2233,ZENSARTECH,Cash,
2234,ZENTEC,Cash,
2235,ZFCVINDIA,Cash,
2236,ZIMLAB,Cash,
2237,ZODIAC,Cash,
2238,ZODIACLOTH,Cash,
2239,ZOMATO,Cash,
2240,ZOTA,Cash,
2241,ZUARI,Cash,
2242,ZUARIIND,Cash,
2243,ZYDUSLIFE,Cash,
2244,ZYDUSWELL,Cash,
2245,COALINDIA,Future,250
2246,NIFTY,Future,50
2247,BANKNIFTY,Future,25
2248,ALUMINIUM,Commodity,5
2249,COPPER,Commodity,2500
2250,CRUDE,Commodity,100
2251,GOLD,Commodity,1
2252,GOLD GUINEA,Commodity,8
2253,GOLD M,Commodity,100
2254,GOLD PETAL,Commodity,1
2255,LEAD,Commodity,5
2256,NG,Commodity,1250
2257,NICKEL,Commodity,1500
2258,SILVER,Commodity,30
2259,SILVERMIC,Commodity,1
2260,SILVERMINI,Commodity,5
2261,ZINC,Commodity,5
